{
  "version": 1,
  "author": "Shashwat Shukla",
  "editor": "wokwi",
  "parts": [
    { "type": "board-esp32-devkit-c-v4", "id": "esp", "top": 96, "left": -91.16, "attrs": {} },
    { "type": "wokwi-membrane-keypad", "id": "keypad1", "top": -203.6, "left": 63.2, "attrs": {} }
  ],
  "connections": [
    [ "esp:TX", "$serialMonitor:RX", "", [] ],
    [ "esp:RX", "$serialMonitor:TX", "", [] ],
    [ "keypad1:R1", "esp:19", "green", [ "v0" ] ],
    [ "esp:18", "keypad1:R2", "blue", [ "h163.2" ] ],
    [ "esp:5", "keypad1:R3", "#fc1303", [ "h182.4" ] ],
    [ "esp:4", "keypad1:C2", "white", [ "h201.6", "v-105.6" ] ],
    [ "keypad1:C3", "esp:2", "#8f4814", [ "v0" ] ],
    [ "esp:15", "keypad1:C4", "gold", [ "v0", "h230.4" ] ],
    [ "keypad1:R4", "esp:17", "violet", [ "v86.4", "h-0.2" ] ],
    [ "esp:16", "keypad1:C1", "gray", [ "h192", "v-9.6" ] ]
  ],
  "dependencies": {}
}